{"cameraMode":{"drawMode":0,"name":"Shaded","section":"Shading Mode"},"sceneLighting":true,"audioPlay":false,"sceneViewState":{"m_AlwaysRefresh":true,"showFog":true,"showSkybox":true,"showFlares":true,"showImageEffects":true,"showParticleSystems":true,"showVisualEffectGraphs":true,"m_FxEnabled":true},"in2DMode":false,"pivot":{"x":215.41331481933595,"y":24.452003479003908,"z":-124.09022521972656},"rotation":{"x":-0.08016909658908844,"y":-0.8716712594032288,"z":0.15227288007736207,"w":-0.4588930010795593},"size":17.022611618041993,"orthographic":false}