{"cameraMode":{"drawMode":0,"name":"Shaded","section":"Shading Mode"},"sceneLighting":true,"audioPlay":false,"sceneViewState":{"m_AlwaysRefresh":false,"showFog":true,"showSkybox":true,"showFlares":true,"showImageEffects":true,"showParticleSystems":true,"showVisualEffectGraphs":true,"m_FxEnabled":true},"in2DMode":false,"pivot":{"x":-2.4125685691833498,"y":-0.8600006103515625,"z":4.425941467285156},"rotation":{"x":-0.2941235601902008,"y":0.18960215151309968,"z":-0.05965146794915199,"w":-0.9348713755607605},"size":2.1247448921203615,"orthographic":false}