{"cameraMode":{"drawMode":0,"name":"Shaded","section":"Shading Mode"},"sceneLighting":true,"audioPlay":false,"sceneViewState":{"m_AlwaysRefresh":false,"showFog":false,"showSkybox":false,"showFlares":false,"showImageEffects":false,"showParticleSystems":false,"showVisualEffectGraphs":false,"m_FxEnabled":true},"in2DMode":false,"pivot":{"x":-6.836582183837891,"y":0.7452843189239502,"z":-59.89314270019531},"rotation":{"x":0.0030159030575305225,"y":-0.9962959885597229,"z":0.03918524831533432,"w":0.07665938138961792},"size":36.985618591308597,"orthographic":false}